CREATE DATABASE IF NOT EXISTS CURSO;

USE CURSO;


-- MySQL dump 10.13  Distrib 5.1.63, for debian-linux-gnu (i486)
--
-- Host: localhost    Database: CURSO
-- ------------------------------------------------------
-- Server version	5.1.63-0+squeeze1

/*!40101 SET @OLD_CHARACTER_SET_CLIENT=@@CHARACTER_SET_CLIENT */;
/*!40101 SET @OLD_CHARACTER_SET_RESULTS=@@CHARACTER_SET_RESULTS */;
/*!40101 SET @OLD_COLLATION_CONNECTION=@@COLLATION_CONNECTION */;
/*!40101 SET NAMES utf8 */;
/*!40103 SET @OLD_TIME_ZONE=@@TIME_ZONE */;
/*!40103 SET TIME_ZONE='+00:00' */;
/*!40014 SET @OLD_UNIQUE_CHECKS=@@UNIQUE_CHECKS, UNIQUE_CHECKS=0 */;
/*!40014 SET @OLD_FOREIGN_KEY_CHECKS=@@FOREIGN_KEY_CHECKS, FOREIGN_KEY_CHECKS=0 */;
/*!40101 SET @OLD_SQL_MODE=@@SQL_MODE, SQL_MODE='NO_AUTO_VALUE_ON_ZERO' */;
/*!40111 SET @OLD_SQL_NOTES=@@SQL_NOTES, SQL_NOTES=0 */;

--
-- Table structure for table `CLIENTES`
--

DROP TABLE IF EXISTS `CLIENTES`;
/*!40101 SET @saved_cs_client     = @@character_set_client */;
/*!40101 SET character_set_client = utf8 */;
CREATE TABLE `CLIENTES` (
  `CLIENTE_NO` int(4) NOT NULL DEFAULT '0',
  `NOMBRE` varchar(25) DEFAULT NULL,
  `LOCALIDAD` varchar(14) DEFAULT NULL,
  `VENDEDOR_NO` int(4) DEFAULT NULL,
  `DEBE` float(9,2) DEFAULT NULL,
  `HABER` float(9,2) DEFAULT NULL,
  `LIMITE_CREDITO` float(9,2) DEFAULT NULL,
  PRIMARY KEY (`CLIENTE_NO`),
  KEY `FK_CLI_EMP_NO` (`VENDEDOR_NO`),
  CONSTRAINT `FK_CLI_EMP_NO` FOREIGN KEY (`VENDEDOR_NO`) REFERENCES `EMPLEADOS` (`EMP_NO`) ON DELETE CASCADE
) ENGINE=InnoDB DEFAULT CHARSET=latin1;
/*!40101 SET character_set_client = @saved_cs_client */;

--
-- Dumping data for table `CLIENTES`
--

LOCK TABLES `CLIENTES` WRITE;
/*!40000 ALTER TABLE `CLIENTES` DISABLE KEYS */;
INSERT INTO `CLIENTES` VALUES (101,'DISTRIBUCIONES GOMEZ','MADRID',7499,0.00,0.00,5000.00),(102,'LOGITRONICA S.L','BARCELONA',7654,0.00,0.00,5000.00),(103,'INDUSTRIAS LACTEAS S.A.','LAS ROZAS',7844,0.00,0.00,10000.00),(104,'TALLERES ESTESO S.A.','SEVILLA',7654,0.00,0.00,5000.00),(105,'EDICIONES SANZ','BARCELONA',7499,0.00,0.00,5000.00),(106,'SIGNOLOGIC S.A.','MADRID',7654,0.00,0.00,5000.00),(107,'MARTIN Y ASOCIADOS S.L.','ARAVACA',7844,0.00,0.00,10000.00),(108,'MANUFACTURAS ALI S.A.','SEVILLA',7654,0.00,0.00,5000.00);
/*!40000 ALTER TABLE `CLIENTES` ENABLE KEYS */;
UNLOCK TABLES;

--
-- Table structure for table `DEPARTAMENTOS`
--

DROP TABLE IF EXISTS `DEPARTAMENTOS`;
/*!40101 SET @saved_cs_client     = @@character_set_client */;
/*!40101 SET character_set_client = utf8 */;
CREATE TABLE `DEPARTAMENTOS` (
  `DEP_NO` int(2) NOT NULL DEFAULT '0',
  `DNOMBRE` varchar(14) DEFAULT NULL,
  `LOCALIDAD` varchar(10) DEFAULT NULL,
  PRIMARY KEY (`DEP_NO`)
) ENGINE=InnoDB DEFAULT CHARSET=latin1;
/*!40101 SET character_set_client = @saved_cs_client */;

--
-- Dumping data for table `DEPARTAMENTOS`
--

LOCK TABLES `DEPARTAMENTOS` WRITE;
/*!40000 ALTER TABLE `DEPARTAMENTOS` DISABLE KEYS */;
INSERT INTO `DEPARTAMENTOS` VALUES (10,'CONTABILIDAD','BARCELONA'),(20,'INVESTIGACION','VALENCIA'),(30,'VENTAS','MADRID'),(40,'PRODUCCION','SEVILLA');
/*!40000 ALTER TABLE `DEPARTAMENTOS` ENABLE KEYS */;
UNLOCK TABLES;

--
-- Table structure for table `EMPLEADOS`
--

DROP TABLE IF EXISTS `EMPLEADOS`;
/*!40101 SET @saved_cs_client     = @@character_set_client */;
/*!40101 SET character_set_client = utf8 */;
CREATE TABLE `EMPLEADOS` (
  `EMP_NO` int(4) NOT NULL DEFAULT '0',
  `APELLIDO` varchar(8) DEFAULT NULL,
  `OFICIO` varchar(10) DEFAULT NULL,
  `DIRECTOR` int(4) DEFAULT NULL,
  `FECHA_ALTA` date DEFAULT NULL,
  `SALARIO` float(6,2) DEFAULT NULL,
  `COMISION` float(6,2) DEFAULT NULL,
  `DEP_NO` int(2) DEFAULT NULL,
  PRIMARY KEY (`EMP_NO`),
  KEY `FK_EMP_DIRECTOR` (`DIRECTOR`),
  KEY `FK_EMP_DEP_NO` (`DEP_NO`),
  CONSTRAINT `FK_EMP_DEP_NO` FOREIGN KEY (`DEP_NO`) REFERENCES `DEPARTAMENTOS` (`DEP_NO`),
  CONSTRAINT `FK_EMP_DIRECTOR` FOREIGN KEY (`DIRECTOR`) REFERENCES `EMPLEADOS` (`EMP_NO`)
) ENGINE=InnoDB DEFAULT CHARSET=latin1;
/*!40101 SET character_set_client = @saved_cs_client */;

--
-- Dumping data for table `EMPLEADOS`
--

LOCK TABLES `EMPLEADOS` WRITE;
/*!40000 ALTER TABLE `EMPLEADOS` DISABLE KEYS */;
INSERT INTO `EMPLEADOS` VALUES (7499,'ALONSO','VENDEDOR',7698,'1981-02-23',1400.00,400.00,30),(7521,'LOPEZ','EMPLEADO',7782,'1981-05-08',1350.50,NULL,10),(7654,'MARTIN','VENDEDOR',7698,'1981-09-28',1500.00,1600.00,30),(7698,'GARRIDO','DIRECTOR',7839,'1981-05-01',3850.12,NULL,30),(7782,'MARTINEZ','DIRECTOR',7839,'1981-06-09',2450.00,NULL,10),(7839,'REY','PRESIDENTE',NULL,'1981-11-17',6000.00,NULL,10),(7844,'CALVO','VENDEDOR',7698,'1981-09-08',1800.00,0.00,40),(7876,'GILA','ANALISTA',7782,'1982-05-06',3350.00,0.00,20),(7900,'JIMENEZ','EMPLEADO',7876,'1983-03-24',1400.00,0.00,10);
/*!40000 ALTER TABLE `EMPLEADOS` ENABLE KEYS */;
UNLOCK TABLES;

--
-- Table structure for table `PEDIDOS`
--

DROP TABLE IF EXISTS `PEDIDOS`;
/*!40101 SET @saved_cs_client     = @@character_set_client */;
/*!40101 SET character_set_client = utf8 */;
CREATE TABLE `PEDIDOS` (
  `PEDIDO_NO` int(4) NOT NULL DEFAULT '0',
  `PRODUCTO_NO` int(4) DEFAULT NULL,
  `CLIENTE_NO` int(4) DEFAULT NULL,
  `UNIDADES` int(4) DEFAULT NULL,
  `FECHA_PEDIDO` date DEFAULT NULL,
  PRIMARY KEY (`PEDIDO_NO`),
  KEY `FK_PEDIDOS_PRODUCTO_NO` (`PRODUCTO_NO`),
  KEY `FK_PEDIDOS_CLIENTE_NO` (`CLIENTE_NO`),
  CONSTRAINT `FK_PEDIDOS_CLIENTE_NO` FOREIGN KEY (`CLIENTE_NO`) REFERENCES `CLIENTES` (`CLIENTE_NO`) ON DELETE CASCADE,
  CONSTRAINT `FK_PEDIDOS_PRODUCTO_NO` FOREIGN KEY (`PRODUCTO_NO`) REFERENCES `PRODUCTOS` (`PRODUCTO_NO`) ON DELETE CASCADE
) ENGINE=InnoDB DEFAULT CHARSET=latin1;
/*!40101 SET character_set_client = @saved_cs_client */;

--
-- Dumping data for table `PEDIDOS`
--

LOCK TABLES `PEDIDOS` WRITE;
/*!40000 ALTER TABLE `PEDIDOS` DISABLE KEYS */;
INSERT INTO `PEDIDOS` VALUES (1000,20,103,3,'1999-10-06'),(1001,50,106,2,'1999-10-06'),(1002,10,101,4,'1999-10-07'),(1003,20,105,4,'1999-10-16'),(1004,40,106,8,'1999-10-20'),(1005,30,105,2,'1999-10-20'),(1006,70,103,3,'1999-11-03'),(1007,50,101,2,'1999-11-06'),(1008,10,106,6,'1999-11-16'),(1009,20,105,2,'1999-11-26'),(1010,40,102,3,'1999-12-08'),(1011,30,106,2,'1999-12-15'),(1012,10,105,3,'1999-12-06'),(1013,30,106,2,'1999-12-06'),(1014,20,101,4,'2000-01-07'),(1015,70,105,4,'2000-01-16'),(1017,20,105,6,'2000-01-20');
/*!40000 ALTER TABLE `PEDIDOS` ENABLE KEYS */;
UNLOCK TABLES;

--
-- Table structure for table `PRODUCTOS`
--

DROP TABLE IF EXISTS `PRODUCTOS`;
/*!40101 SET @saved_cs_client     = @@character_set_client */;
/*!40101 SET character_set_client = utf8 */;
CREATE TABLE `PRODUCTOS` (
  `PRODUCTO_NO` int(4) NOT NULL DEFAULT '0',
  `DESCRIPCION` varchar(30) DEFAULT NULL,
  `PRECIO_ACTUAL` float(8,2) DEFAULT NULL,
  `STOCK_DISPONIBLE` int(9) DEFAULT NULL,
  PRIMARY KEY (`PRODUCTO_NO`)
) ENGINE=InnoDB DEFAULT CHARSET=latin1;
/*!40101 SET character_set_client = @saved_cs_client */;

--
-- Dumping data for table `PRODUCTOS`
--

LOCK TABLES `PRODUCTOS` WRITE;
/*!40000 ALTER TABLE `PRODUCTOS` DISABLE KEYS */;
INSERT INTO `PRODUCTOS` VALUES (10,'MESA DESPACHO MOD. GAVIOTA',550.00,50),(20,'SILLA DIRECTOR MOD. BUFALO',670.00,25),(30,'ARMARIO NOGAL DOS PUERTAS',460.00,20),(40,'MESA MODELO UNIÓN',340.00,15),(50,'ARCHIVADOR CEREZO',1050.00,20),(60,'CAJA SEGURIDAD MOD B222',280.00,15),(70,'DESTRUCTORA DE PAPEL A3',450.00,25),(80,'MODULO ORDENADOR MOD. ERGOS',550.00,25);
/*!40000 ALTER TABLE `PRODUCTOS` ENABLE KEYS */;
UNLOCK TABLES;
/*!40103 SET TIME_ZONE=@OLD_TIME_ZONE */;

/*!40101 SET SQL_MODE=@OLD_SQL_MODE */;
/*!40014 SET FOREIGN_KEY_CHECKS=@OLD_FOREIGN_KEY_CHECKS */;
/*!40014 SET UNIQUE_CHECKS=@OLD_UNIQUE_CHECKS */;
/*!40101 SET CHARACTER_SET_CLIENT=@OLD_CHARACTER_SET_CLIENT */;
/*!40101 SET CHARACTER_SET_RESULTS=@OLD_CHARACTER_SET_RESULTS */;
/*!40101 SET COLLATION_CONNECTION=@OLD_COLLATION_CONNECTION */;
/*!40111 SET SQL_NOTES=@OLD_SQL_NOTES */;

-- Dump completed on 2016-02-17 17:22:22
